-1.396424004376894423e+01,-1.035229349926943265e-01,-4.474216252239686387e-02,-2.220446049250313081e-16,1.847348170235718668e-18,-5.413447468072085282e-19
3.330669073875469621e-16,-3.588910086317230116e-05,-1.152376933899495332e-02,-7.161148740394329693e-02,5.957872755710424051e-04,-1.745888062908080077e-04
0.000000000000000000e+00,0.000000000000000000e+00,0.000000000000000000e+00,1.000000000000000000e+00,-1.309624617547668068e-02,7.377542254385397250e-03
6.106226635438360972e-16,-3.830572818969232244e-03,-1.630029898337448727e-02,-7.161148740394329693e-02,5.957872755710424051e-04,-1.745888062908080077e-04
4.440892098500626162e-16,-6.461682213738341105e-03,3.788057283815299118e-04,-7.161148740394329693e-02,5.957872755710424051e-04,-1.745888062908080077e-04
3.330669073875469621e-16,1.717291588500497162e-03,-2.252303666387579003e-03,-7.161148740394329693e-02,5.957872755710424051e-04,-1.745888062908080077e-04
4.996003610813204432e-16,-3.006658799609983855e-03,5.926670135851261866e-03,-7.161148740394329693e-02,5.957872755710424051e-04,-1.745888062908080077e-04
6.106226635438360972e-16,-1.590036699675042263e-04,1.202719747740779548e-03,-7.161148740394329693e-02,5.957872755710424051e-04,-1.745888062908080077e-04
4.440892098500626162e-16,-7.084977632943957777e-04,4.050374877383257875e-03,-7.161148740394329693e-02,5.957872755710424051e-04,-1.745888062908080077e-04
3.330669073875469621e-16,3.514871685389329200e-03,3.500880784056365456e-03,-7.161148740394329693e-02,5.957872755710424051e-04,-1.745888062908080077e-04
