price_row_1based,actual,predicted,residual,squared_residual,share_train_sse
28,-0.04357001856561435,0.0032372149522616528,-0.046807233517876,0.002190917109596975,0.09362102332857948
210,-0.041954999335415764,-0.0007456635104042475,-0.04120933582501152,0.0016982093591385776,0.07256691607925371
265,-0.03804270790690022,0.0016096322428593892,-0.03965234014975961,0.0015723080793522378,0.06718697422734897
130,0.022293614833009897,-0.0021828846318332025,0.0244764994648431,0.0005990990260524646,0.025600358702983803
73,0.02604451001435374,0.0016371370281907786,0.02440737298616296,0.0005957198560856775,0.02545596193465969
261,-0.024856327356039463,-0.002102060980272861,-0.0227542663757666,0.0005177566382993425,0.022124482072106485
118,0.02276067074717274,0.002610490341720699,0.02015018040545204,0.00040602977037226335,0.017350233122745577
195,0.02449803431770225,0.005825461264158307,0.01867257305354394,0.0003486649844399353,0.014898953729981432
211,-0.004276478016052366,0.014085877744552763,-0.01836235576060513,0.00033717610907902843,0.014408017645055579
262,0.025917504601532033,0.00795887252661491,0.017958632074917123,0.0003225124660022421,0.013781419192489607
