split,price_row_1based,date,actual,predicted,residual
train,4,2024-01-05,0.007377542254385397,0.001517832467691383,0.005859709786694014
train,5,2024-01-06,-0.01309624617547668,0.0014017604548132927,-0.014498006630289974
train,6,2024-01-07,0.003582858536279337,0.0026967816041010353,0.0008860769321783015
train,7,2024-01-08,0.0009517491415102273,-4.475723720416243e-05,0.0009965063787143896
train,8,2024-01-09,0.00913072294374907,0.0022722361282636475,0.006858486815485422
train,9,2024-01-10,0.004406772555638586,0.003243314326696274,0.0011634582289423122
train,10,2024-01-11,0.0072544276852810645,0.00378837807800759,0.0034660496072734743
train,11,2024-01-12,0.006704933591954173,0.003494090250301399,0.003210843341652774
train,12,2024-01-13,0.010928303040637901,0.003872411456010318,0.007055891584627583
train,13,2024-01-14,0.0034240433376085118,0.004508220692202991,-0.0010841773545944796
train,14,2024-01-15,0.01322917200049082,0.0039177276473936545,0.009311444353097165
train,15,2024-01-16,0.0017229970040638421,0.00435945515168858,-0.002636458147624738
train,16,2024-01-17,0.0075121768274284,0.0040069994605070455,0.0035051773669213544
train,17,2024-01-18,0.006852453533600342,0.0030927602547242685,0.003759693278876074
train,18,2024-01-19,0.021097751162140417,0.003940612576237626,0.01715713858590279
train,19,2024-01-20,0.003361545318372704,0.006283419707288256,-0.0029218743889155518
train,20,2024-01-21,0.009377678944322034,0.005595837674464601,0.0037818412698574335
train,21,2024-01-22,0.003269251883018204,0.0036860302390014765,-0.0004167783559832724
train,22,2024-01-23,-0.00334090025233117,0.003633563285580972,-0.006974463537912142
train,23,2024-01-24,0.005784957477159627,-0.0003676956686310068,0.006152653145790634
train,24,2024-01-25,-0.00675766507784845,0.001954438585043706,-0.008712103662892157
train,25,2024-01-26,-0.00458541840580404,0.0005873824904752598,-0.005172800896279299
train,26,2024-01-27,0.0016471487900071701,0.001181835914997671,0.00046531287500949916
train,27,2024-01-28,0.008424453235037523,0.0010354221533710947,0.007389031081666428
train,28,2024-01-29,-0.04357001856561435,0.0032372149522616528,-0.046807233517876
train,29,2024-01-30,0.01670038860519632,0.013563863670131454,0.0031365249350648657
train,30,2024-01-31,-0.0012393876273065086,-0.002847402690871524,0.0016080150635650152
train,31,2024-02-01,-0.006574859256337677,-0.002599878892822413,-0.003974980363515264
train,32,2024-02-02,0.012994224372996004,0.0012928330671214722,0.011701391305874533
train,33,2024-02-03,0.011836611318222383,0.002658461976729704,0.009178149341492678
train,34,2024-02-04,0.0030796131618518172,0.005709069044287855,-0.002629455882436038
train,35,2024-02-05,0.008143979584494934,0.004009278339930873,0.004134701244564061
train,36,2024-02-06,0.010190337067080162,0.0034268240428322804,0.006763513024247881
train,37,2024-02-07,0.0011634655713456778,0.004620164182398421,-0.0034566986110527434
train,38,2024-02-08,0.0012791287632468171,0.0034060065222812127,-0.0021268777590343953
train,39,2024-02-09,-0.007129704962959798,0.0019267999913922566,-0.009056504954352054
train,40,2024-02-10,0.005052329300814371,0.00121623325575381,0.003836096045060561
train,41,2024-02-11,0.007573922177770766,0.0011990969218624572,0.006374825255908309
train,42,2024-02-12,0.0051665990859299914,0.0036563016019701498,0.0015102974839598417
train,43,2024-02-13,0.001074262713285732,0.0036606420750518094,-0.0025863793617660774
train,44,2024-02-14,-0.0030094692911567644,0.0025563435028506205,-0.005565812794007385
train,45,2024-02-15,-0.0032051678910101217,-0.00024610825041305366,-0.002959059640597068
train,46,2024-02-16,0.004007807994321465,0.0002728435908110506,0.0037349644035104142
train,47,2024-02-17,0.0022817915333338376,0.001671038612893654,0.0006107529204401837
train,48,2024-02-18,0.006043297661947493,0.0025717793475225274,0.0034715183144249655
train,49,2024-02-19,0.0024504755903357947,0.0029326890512127567,-0.00048221346087696203
train,50,2024-02-20,0.0020799108934350242,0.0029388583688474876,-0.0008589474754124634
train,51,2024-02-21,-0.00931181718720839,0.002278394378248876,-0.011590211565457266
train,52,2024-02-22,-0.006288831841339304,0.0019146836135839535,-0.008203515454923257
train,53,2024-02-23,-0.005891715793839538,0.002076173072027997,-0.007967888865867535
train,54,2024-02-24,0.01147616687289827,0.0016011135607088651,0.009875053312189404
train,55,2024-02-25,0.009679275931636894,0.0025105755622849097,0.007168700369351984
train,56,2024-02-26,0.003424493113041565,0.005085569370141668,-0.001661076257100103
train,57,2024-02-27,0.0006115734401396472,0.003710375584628224,-0.003098802144488577
train,58,2024-02-28,-0.011823192027104903,0.002187373698360701,-0.014010565725465603
train,59,2024-02-29,0.004418448739132144,0.002980960157773823,0.0014374885813583206
train,60,2024-03-01,-0.01014610816208545,0.0003105117689891048,-0.010456619931074555
train,61,2024-03-02,-0.0024131953201532723,0.0019585524914455697,-0.004371747811598842
train,62,2024-03-03,0.0004062768892318818,0.0007710953473159712,-0.00036481845808408937
train,63,2024-03-04,-0.0005550787041306561,0.0011825497412454886,-0.0017376284453761446
train,64,2024-03-05,0.0005802285781205078,-0.0010572635217507534,0.0016374920998712612
train,65,2024-03-06,0.01246324689926204,0.001521078752299508,0.010942168146962533
train,66,2024-03-07,0.007528996752643893,0.003755318501726127,0.003773678250917766
train,67,2024-03-08,-0.004881572325239959,0.004879319773625056,-0.009760892098865015
train,68,2024-03-09,-0.007325085842214593,-0.00028022738911185523,-0.007044858453102737
train,69,2024-03-10,-0.009571937802642696,0.001963138499079629,-0.011535076301722326
train,70,2024-03-11,0.0004602116796038529,0.0030411692988986205,-0.0025809576192947674
train,71,2024-03-12,-0.007466563418279398,2.9619983667179383e-06,-0.0074695254166461155
train,72,2024-03-13,0.007921773604049021,0.0014275529146859157,0.006494220689363105
train,73,2024-03-14,0.02604451001435374,0.0016371370281907786,0.02440737298616296
train,74,2024-03-15,0.0008876407702230452,0.007312603608497796,-0.006424962838274751
train,75,2024-03-16,0.006468153226859037,0.005991470184482981,0.0004766830423760561
train,76,2024-03-17,-0.0001176589813307816,0.0027742985757475726,-0.002891957557078354
train,77,2024-03-18,-0.002414440259567409,-0.0018805422027310273,-0.0005338980568363818
train,78,2024-03-19,0.00098671125522407,-0.0003296603395801711,0.0013163715948042412
train,79,2024-03-20,-0.00677974849042644,0.0012822664483912065,-0.008062014938817646
train,80,2024-03-21,-0.0029063876442151533,0.0011222268466587167,-0.00402861449087387
train,81,2024-03-22,0.0024562640813937694,0.0005791770780626774,0.001877087003331092
train,82,2024-03-23,0.0028661289064869063,0.0014535551204275573,0.001412573786059349
train,83,2024-03-24,-0.001532642521067336,0.002414705398298203,-0.003947347919365539
train,84,2024-03-25,-0.008404401126932243,-0.0009750837033379487,-0.007429317423594295
train,85,2024-03-26,0.018625800726183778,0.0019843593003850677,0.01664144142579871
train,86,2024-03-27,0.012023958825907772,0.0033241169277684317,0.00869984189813934
train,87,2024-03-28,0.013821218041395992,0.006676573400866402,0.007144644640529591
train,88,2024-03-29,0.004904400100192017,0.005889590076047086,-0.0009851899758550695
train,89,2024-03-30,-0.0011299679122347577,0.004653009994813462,-0.005782977907048219
train,90,2024-03-31,-0.004546611501779206,-0.0013440168617571387,-0.003202594640022067
train,91,2024-04-01,-0.009803233429259936,0.0005498844188850972,-0.010353117848145034
train,92,2024-04-02,0.014801487912399465,0.002819424064732825,0.01198206384766664
train,93,2024-04-03,0.0032705337630846236,0.002433442328337176,0.0008370914347474476
train,94,2024-04-04,0.014246296485090293,0.004534531383301316,0.009711765101788977
train,95,2024-04-05,0.002101044638413497,0.00450906230591188,-0.0024080176674983835
train,96,2024-04-06,0.006879521923787079,0.004240998218999782,0.0026385237047872974
train,97,2024-04-07,0.004895989581139849,0.003046630328519705,0.0018493592526201436
train,98,2024-04-08,-0.007533474271980518,0.003498734834890511,-0.011032209106871029
train,99,2024-04-09,0.014804504207467796,0.0009645819648313111,0.013839922242636485
train,100,2024-04-10,0.0013828292301929586,0.002810906966498248,-0.0014280777363052893
train,101,2024-04-11,-0.005530870906388282,0.0042100585034863264,-0.009740929409874609
train,102,2024-04-12,0.005736813725923456,0.0006286633715718293,0.005108150354351627
train,103,2024-04-13,0.002340283071180151,0.0015824558287600926,0.0007578272424200584
train,104,2024-04-14,0.005359162749394737,0.002868989746390019,0.002490173003004718
train,105,2024-04-15,0.0037987329627896904,0.002824627100336636,0.0009741058624530546
train,106,2024-04-16,-0.013416261124596297,0.003057348546423596,-0.016473609671019893
train,107,2024-04-17,-0.003910278170976204,0.003205089603721608,-0.007115367774697812
train,108,2024-04-18,-0.006181819935505224,0.0016696983928290885,-0.007851518328334313
train,109,2024-04-19,0.00837726992230118,0.0014444760567717935,0.006932793865529386
train,110,2024-04-20,0.0032210484608986576,0.0019289130520035132,0.0012921354088951443
train,111,2024-04-21,0.00705140248557946,0.003459124148398441,0.003592278337181019
train,112,2024-04-22,0.0009637712511957366,0.0032622222930958488,-0.0022984510419001123
train,113,2024-04-23,0.006751006662970808,0.002850336751593339,0.003900669911377469
train,114,2024-04-24,0.002047486885133526,0.0028356358202979376,-0.0007881489351644114
train,115,2024-04-25,0.0008962545992012041,0.002987013947122874,-0.0020907593479216695
train,116,2024-04-26,0.00334145000392749,0.0020076990346440363,0.0013337509692834537
train,117,2024-04-27,0.003149479314269933,0.002237458080137096,0.0009120212341328371
train,118,2024-04-28,0.02276067074717274,0.002610490341720699,0.02015018040545204
train,119,2024-04-29,0.0006791083383821073,0.005954732646177199,-0.005275624307795092
train,120,2024-04-30,-0.007760981888500421,0.00541021417299369,-0.013171196061494111
train,121,2024-05-01,0.0038186241886671384,0.0015096178951477183,0.0023090062935194203
train,122,2024-05-02,-0.004153961459873254,0.0008818730536580666,-0.005035834513531321
train,123,2024-05-03,-0.017122579464743506,-0.00013501274830569855,-0.016987566716437807
train,124,2024-05-04,-0.004154790993364144,0.0054140306113621105,-0.009568821604726253
train,125,2024-05-05,0.018791057577214162,0.002164798694336031,0.01662625888287813
train,126,2024-05-06,-0.001232714817324739,0.004058311243788164,-0.005291026061112904
train,127,2024-05-07,-0.0156321157696647,-0.002831855877958997,-0.012800259891705702
train,128,2024-05-08,0.020785141529037383,0.004556125674804967,0.016229015854232417
train,129,2024-05-09,-0.003641131885023167,0.002495526526590469,-0.006136658411613635
train,130,2024-05-10,0.022293614833009897,-0.0021828846318332025,0.0244764994648431
train,131,2024-05-11,0.003763285567007949,0.00474659145578485,-0.0009833058887769005
train,132,2024-05-12,0.018500194220858763,0.005863598911391494,0.012636595309467268
train,133,2024-05-13,0.004539009812759439,0.005323215822725422,-0.0007842060099659829
train,134,2024-05-14,0.0079626359019927,0.005367157911860284,0.002595477990132416
train,135,2024-05-15,0.0028741536000139087,0.0036379713649744745,-0.0007638177649605658
train,136,2024-05-16,0.0011093167349910198,0.0033305457391926267,-0.002221229004201607
train,137,2024-05-17,0.0039222089183991345,0.002181665196747954,0.0017405437216511804
train,138,2024-05-18,0.006363777643653092,0.0023728212462023734,0.0039909563974507185
train,139,2024-05-19,0.004726850392060636,0.0032602894004726134,0.0014665609915880226
train,140,2024-05-20,0.003743101426896613,0.0033839659104832514,0.00035913551641336174
train,141,2024-05-21,-0.002863805093171662,0.002942761500464476,-0.005806566593636138
train,142,2024-05-22,-0.0011063851062993798,-0.0005916621957845608,-0.0005147229105148189
train,143,2024-05-23,0.01206215775978083,-0.0004995041831447988,0.01256166194292563
train,144,2024-05-24,-0.0016999028526008648,0.003406169101271014,-0.005106071953871878
train,145,2024-05-25,0.0009957755619549834,-0.0019246048470921602,0.0029203804090471436
train,146,2024-05-26,0.011108078756992525,0.0014024921593442047,0.00970558659764832
train,147,2024-05-27,0.008218381119470273,0.0035910334520500593,0.004627347667420213
train,148,2024-05-28,0.012084558619541682,0.004772942652802904,0.007311615966738778
train,149,2024-05-29,-0.00354082606026052,0.004958615985763904,-0.008499442046024423
train,150,2024-05-30,0.001567983428890995,-0.0012636385828752174,0.0028316220117662124
train,151,2024-05-31,-0.0007992436024464295,0.0011952720359992008,-0.0019945156384456302
train,152,2024-06-01,-0.002854564933105948,-0.0010968368676660511,-0.0017577280654398968
train,153,2024-06-02,0.011668030038750974,-9.620613724526869e-05,0.011764236175996243
train,154,2024-06-03,0.0022370724596216694,0.0030479936643831107,-0.0008109212047614413
train,155,2024-06-04,0.005593791503146327,0.0038362357432707886,0.0017575557598755388
train,156,2024-06-05,-0.010931366187587284,0.002847878639568859,-0.013779244827156143
train,157,2024-06-06,0.01581870403893592,0.002112479201110326,0.013706224837825593
train,158,2024-06-07,0.011271602222432961,0.00242120680824633,0.008850395414186632
train,159,2024-06-08,0.00540967008463085,0.00608087048204238,-0.0006712003974115302
train,160,2024-06-09,0.0013034566081280596,0.004316571718650658,-0.0030131151105225983
train,161,2024-06-10,0.007028181448138335,0.0026361673896236905,0.004392014058514644
train,162,2024-06-11,0.012806665739265557,0.0029397647782688123,0.009866900960996745
train,163,2024-06-12,0.01935614701497712,0.004885268965945825,0.014470878049031296
train,164,2024-06-13,0.014243992970480504,0.006972430503621919,0.007271562466858584
train,165,2024-06-14,0.007528625571508746,0.007180049401266687,0.0003485761702420589
train,166,2024-06-15,0.01272305462778096,0.005174989450587792,0.007548065177193168
train,167,2024-06-16,0.011692336415996173,0.004953985253170164,0.006738351162826009
train,168,2024-06-17,0.006258787191522442,0.005639197769185502,0.00061958942233694
train,169,2024-06-18,0.010240746527798725,0.00453262221574619,0.005708124312052535
train,170,2024-06-19,0.010532262331382143,0.0043157630418153795,0.006216499289566763
train,171,2024-06-20,0.004621777726825169,0.005027243671357923,-0.0004054659445327539
train,172,2024-06-21,-0.0004376401080687948,0.004058149482983568,-0.0044957895910523625
train,173,2024-06-22,0.004000510803674229,-0.001562481548477081,0.00556299235215131
train,174,2024-06-23,-0.005653307199365137,0.0021293936093864066,-0.007782700808751543
train,175,2024-06-24,-0.009236422712085945,0.00038534409484456485,-0.00962176680693051
train,176,2024-06-25,0.004549708555677329,0.0027366827025244317,0.0018130258531528975
train,177,2024-06-26,0.006583693335876145,0.0007627006816060146,0.005820992654270131
train,178,2024-06-27,0.006035786364465573,0.003402359177779781,0.0026334271866857916
train,179,2024-06-28,0.006978642966262467,0.003645825056456908,0.003332817909805559
train,180,2024-06-29,-0.012657691146063256,0.003717148079371865,-0.01637483922543512
train,181,2024-06-30,0.0071756022464493805,0.002582538883885872,0.004593063362563508
train,182,2024-07-01,0.013835438417171704,0.0006465760857023164,0.013188862331469388
train,183,2024-07-02,0.012449497728153812,0.005086857755349927,0.007362639972803885
train,184,2024-07-03,0.012505811065406498,0.00595428203003592,0.006551529035370578
train,185,2024-07-04,0.007734625303683713,0.0057338094127222525,0.0020008158909614604
train,186,2024-07-05,0.0068465572585664465,0.004921788076869051,0.0019247691816973956
train,187,2024-07-06,0.0028054087616267414,0.0039765401680492765,-0.0011711314064225351
train,188,2024-07-07,0.005953031914834794,0.003133360753890049,0.002819671160944745
train,189,2024-07-08,-0.005199628394034139,0.0030041081472333194,-0.008203736541267458
train,190,2024-07-09,0.01211382625368827,7.446254453265895e-06,0.012106379999235004
train,191,2024-07-10,-0.0025695810034235076,0.0027352873997567567,-0.005304868403180264
train,192,2024-07-11,0.005920559853475896,-0.0016168666132215987,0.007537426466697495
train,193,2024-07-12,0.013354682563364173,0.0021058781136649215,0.011248804449699251
train,194,2024-07-13,0.012164981629971375,0.0047956657739671275,0.007369315856004248
train,195,2024-07-14,0.02449803431770225,0.005825461264158307,0.01867257305354394
train,196,2024-07-15,-0.007186962400212725,0.007751054990805474,-0.014938017391018198
train,197,2024-07-16,-0.003730202186336027,-0.0013127549670079058,-0.0024174472193281213
train,198,2024-07-17,0.010954830997324258,0.0009207761069683857,0.010034054890355873
train,199,2024-07-18,-0.006147659699491541,0.0027797948080232507,-0.008927454507514792
train,200,2024-07-19,-0.006056612699993857,-0.00020014298114774415,-0.005856469718846113
train,201,2024-07-20,0.005318018111422916,0.0016450367480320637,0.003672981363390852
train,202,2024-07-21,-0.009078645130710765,0.0014230475118285832,-0.010501692642539348
train,203,2024-07-22,0.0018928124638626853,0.0014750836062198446,0.00041772885764284067
train,204,2024-07-23,0.004740142104581046,0.0003315108943971491,0.004408631210183897
train,205,2024-07-24,0.003980479307564715,0.0026437481833840966,0.0013367311241806188
train,206,2024-07-25,0.004802573855045909,0.0029858341829627822,0.001816739672083127
train,207,2024-07-26,-0.0025383640285243604,0.00300120077468217,-0.00553956480320653
train,208,2024-07-27,0.0010954573547427668,-0.000825282202270799,0.0019207395570135658
train,209,2024-07-28,-0.0016297248543406817,0.001280407030879178,-0.00291013188521986
train,210,2024-07-29,-0.041954999335415764,-0.0007456635104042475,-0.04120933582501152
train,211,2024-07-30,-0.004276478016052366,0.014085877744552763,-0.01836235576060513
train,212,2024-07-31,-0.009476851869490219,0.00493545119546401,-0.014412303064954229
train,213,2024-08-01,-0.0033688534633913333,0.0026721408866177145,-0.006040994350009048
train,214,2024-08-02,-0.0017945986715007408,0.00104200267297082,-0.002836601344471561
train,215,2024-08-03,0.008420228210553798,-0.00019602959342164745,0.008616257803975446
train,216,2024-08-04,0.0028727668277315236,0.002664906788862927,0.00020786003886859653
train,217,2024-08-05,0.002275791898573971,0.00340630066158325,-0.0011305087630092791
train,218,2024-08-06,0.0030928879923365496,0.002382246970531439,0.0007106410218051108
train,219,2024-08-07,-0.0022543884523161532,0.002423771101992041,-0.004678159554308194
train,220,2024-08-08,-0.00758314894506695,-0.0007398831673846422,-0.006843265777682308
train,221,2024-08-09,0.007816100277818074,0.0017676525524725885,0.006048447725345485
train,222,2024-08-10,-0.00836135421276699,0.0015995833681019796,-0.009960937580868969
train,223,2024-08-11,-0.007206601879711147,0.0009422790805507114,-0.008148880960261859
train,224,2024-08-12,0.0005313693127310549,0.002302547648626277,-0.0017711783358952222
train,225,2024-08-13,0.00833823340863981,0.00040803007125552875,0.00793020333738428
train,226,2024-08-14,-0.000633569076567662,0.0030370712805186774,-0.0036706403570863394
train,227,2024-08-15,-0.0064609076969311474,-0.0018999699978595145,-0.004560937699071633
train,228,2024-08-16,-0.0005437041542862479,0.001185243819287737,-0.0017289479735739849
train,229,2024-08-17,0.0023814494367254972,-0.00030729057614977914,0.0026887400128752766
train,230,2024-08-18,-0.0007013874578921352,0.0018330531456613466,-0.0025344406035534817
train,231,2024-08-19,0.0076291516628155705,-0.0012214270609883554,0.008850578723803926
train,232,2024-08-20,0.012253643973476813,0.0027102733721412952,0.009543370601335519
train,233,2024-08-21,0.0042774545226527795,0.004889869503598472,-0.0006124149809456922
train,234,2024-08-22,0.01940258740637661,0.004284748002667088,0.015117839403709522
train,235,2024-08-23,0.007333575515393859,0.0055639549284289165,0.0017696205869649423
train,236,2024-08-24,0.013883669037483807,0.005998113503193416,0.007885555534290392
train,237,2024-08-25,0.008369057441885045,0.005121395867521994,0.003247661574363051
train,238,2024-08-26,0.007491581455823611,0.005259832209215901,0.00223174924660771
train,239,2024-08-27,-0.008506575853863574,0.004192944906346818,-0.012699520760210392
train,240,2024-08-28,-0.007761944453568943,0.0010302483696509124,-0.008792192823219854
train,241,2024-08-29,-0.0005917560723536802,0.0025186267451537854,-0.0031103828175074654
train,242,2024-08-30,0.00841370850661339,-0.00014710948420842645,0.008560817990821817
train,243,2024-08-31,0.006325894697078181,0.0028635439026282543,0.0034623507944499267
train,244,2024-09-01,0.001647909434855366,0.003999683883131302,-0.002351774448275936
train,245,2024-09-02,0.007497847392200304,0.0028476259752217487,0.004650221416978555
train,246,2024-09-03,0.012050305717817768,0.0030778233942438575,0.008972482323573911
train,247,2024-09-04,0.0053129517869225885,0.00483305815919656,0.0004798936277260286
train,248,2024-09-05,0.0058178812421016985,0.004429242893006287,0.0013886383490954116
train,249,2024-09-06,0.004218161057597325,0.0033972763864517997,0.0008208846711455255
train,250,2024-09-07,0.0026817720646201745,0.003205734996011929,-0.0005239629313917547
train,251,2024-09-08,-0.003643301729930638,0.002675571087761947,-0.006318872817692585
train,252,2024-09-09,-0.006853462322694657,-0.00019420717803542197,-0.006659255144659235
train,253,2024-09-10,0.006137915993377899,0.0016572042477593536,0.004480711745618545
train,254,2024-09-11,0.01103139503892657,0.0014318602190539784,0.009599534819872592
train,255,2024-09-12,0.002582062970371405,0.004431802049258174,-0.001849739078886769
train,256,2024-09-13,0.0007790879761889152,0.003789899069791423,-0.0030108110936025076
train,257,2024-09-14,-0.012698523701919765,0.002076307035555289,-0.014774830737475054
train,258,2024-09-15,-0.013155998384644438,0.003278014964003713,-0.01643401334864815
train,259,2024-09-16,0.01449276084701596,0.004922828339868758,0.009569932507147202
train,260,2024-09-17,-0.0019480975709457741,0.0018234908348482815,-0.0037715884057940557
train,261,2024-09-18,-0.024856327356039463,-0.002102060980272861,-0.0227542663757666
train,262,2024-09-19,0.025917504601532033,0.00795887252661491,0.017958632074917123
train,263,2024-09-20,0.0010171237982857942,0.0018471865834444887,-0.0008300627851586945
train,264,2024-09-21,-0.008141503479384181,0.005992668911918152,-0.014134172391302333
train,265,2024-09-22,-0.03804270790690022,0.0016096322428593892,-0.03965234014975961
train,266,2024-09-23,0.013577392891202017,0.013391024223495914,0.0001863686677061032
train,267,2024-09-24,-0.0044172215727139455,-0.002467099212017364,-0.0019501223606965814
train,268,2024-09-25,0.012677868488366818,-0.001111731154831204,0.013789599643198022
train,269,2024-09-26,-0.002873793573895064,0.0029623254360637923,-0.0058361190099588565
train,270,2024-09-27,-0.0023026270881779196,-0.0015691718247210133,-0.0007334552634569063
train,271,2024-09-28,-0.003705680201623008,-6.730948157851805e-05,-0.00363837072004449
train,272,2024-09-29,0.0012788198639282467,0.0003755996717798595,0.0009032201921483872
train,273,2024-09-30,0.013966751490686135,0.0011181138932570452,0.01284863759742909
train,274,2024-10-01,-0.0024094622875812806,0.00413016821969093,-0.0065396305072722115
train,275,2024-10-02,0.002643299689815204,-0.001878035773338961,0.004521335463154165
train,276,2024-10-03,0.007019362982665787,0.001568279652997898,0.005451083329667889
train,277,2024-10-04,0.012701780985182773,0.0031607582142936025,0.009541022770889172
train,278,2024-10-05,-0.0009150820553047998,0.00486574824394845,-0.00578083029925325
train,279,2024-10-06,-0.00797042310301762,-0.002277671845172314,-0.005692751257845305
train,280,2024-10-07,2.9735237444628867e-06,0.0017601505750384498,-0.001757177051293987
train,281,2024-10-08,-0.0005699236896958788,0.0001902152371007212,-0.0007601389267966
train,282,2024-10-09,-0.00889736713701441,-0.0010076277814977336,-0.007889739355516677
train,283,2024-10-10,0.006998975845052883,0.002056298558862294,0.004942677286190589
train,284,2024-10-11,0.006812208415519404,0.0012406570676563415,0.005571551347863062
train,285,2024-10-12,0.020183861102900238,0.00384845551230385,0.01633540559059639
train,286,2024-10-13,0.004770422798190073,0.006119407264302669,-0.0013489844661125957
train,287,2024-10-14,-0.0035471099334483747,0.005686607686924947,-0.009233717620373321
train,288,2024-10-15,-0.007284705500392249,-0.0004582231124038599,-0.00682648238798839
train,289,2024-10-16,0.004037011044717172,0.0018020516619866452,0.002234959382730527
train,290,2024-10-17,-0.004343604779952651,0.0009985655612685523,-0.0053421703412212035
train,291,2024-10-18,0.006016829010862333,-9.065032324186823e-05,0.006107479334104202
train,292,2024-10-19,-0.0026538510117202142,0.0018278339418006477,-0.004481684953520862
train,293,2024-10-20,0.0009990552886609964,-0.0009169983470165009,0.0019160536356774972
train,294,2024-10-21,0.00094086008475011,0.0012446318833526186,-0.00030377179860250866
train,295,2024-10-22,-0.005362849506549155,0.0018412619739602593,-0.007204111480509414
train,296,2024-10-23,-0.011076634241747178,0.000616644118103716,-0.011693278359850894
train,297,2024-10-24,0.01257481698548044,0.003367957699427699,0.00920685928605274
train,298,2024-10-25,0.006443444335098024,0.001838637173654635,0.00460480716144339
train,299,2024-10-26,-0.0048823237271464785,0.004710967542100097,-0.009593291269246577
train,300,2024-10-27,-0.008434758545691009,-0.00016075421956848052,-0.008274004326122528
train,301,2024-10-28,0.017753310262842926,0.0023631213335380116,0.015390188929304913
train,302,2024-10-29,-0.0016053333435961286,0.003168873623578724,-0.004774206967174852
train,303,2024-10-30,0.011482832608719807,-0.002583619799822423,0.01406645240854223
test,304,2024-10-31,0.006202392351335376,0.0032235748418057925,0.0029788175095295834
test,305,2024-11-01,-0.009015202086913624,0.004488120786056741,-0.013503322872970364
test,306,2024-11-02,-0.001994106540898848,0.001355108802968916,-0.003349215343867764
test,307,2024-11-03,0.006549564048532438,0.0004958828862048095,0.006053681162327629
test,308,2024-11-04,-0.011261364090330477,0.0023097336928840882,-0.013571097783214565
test,309,2024-11-05,-0.0025695082773088125,0.00212645128870088,-0.004695959566009693
test,310,2024-11-06,-0.004686893432128233,0.0009498909803145894,-0.005636784412442822
test,311,2024-11-07,0.004863522899934931,0.0007585118792982838,0.004105011020636647
test,312,2024-11-08,0.005832281407577873,0.001572278028193019,0.004260003379384854
test,313,2024-11-09,0.007748541515864732,0.0033251174800970978,0.004423424035767634
test,314,2024-11-10,0.00590276819802173,0.0038158916969202516,0.0020868765011014785
test,315,2024-11-11,0.007320857468612967,0.003816375251891496,0.0035044822167214712
test,316,2024-11-12,-0.006340475953512626,0.0037539705913111326,-0.010094446544823759
test,317,2024-11-13,0.0024695055980814883,0.00026838303339984807,0.0022011225646816402
test,318,2024-11-14,0.013092379509342071,0.0008855258499403374,0.012206853659401735
test,319,2024-11-15,0.00527719951154265,0.004177383124266405,0.001099816387276245
test,320,2024-11-16,-0.0008287948600835947,0.004596148200677281,-0.005424943060760875
test,321,2024-11-17,-0.005283029004556351,-0.0014934890218788464,-0.0037895399826775042
test,322,2024-11-18,0.01152729969815226,0.0007822009975078713,0.010745098700644388
test,323,2024-11-19,-0.015448355349917198,0.0026204645767319095,-0.018068819926649108
test,324,2024-11-20,0.023452909745685722,0.0030887505125935717,0.02036415923309215
test,325,2024-11-21,-0.009676437967194217,0.002985308171144215,-0.012661746138338432
test,326,2024-11-22,-0.0015595385315799084,-0.00030084258961879905,-0.0012586959419611094
test,327,2024-11-23,-0.008955597606543133,0.00041188366225224234,-0.009367481268795375
test,328,2024-11-24,0.005960796817800578,0.002185951135231849,0.003774845682568729
test,329,2024-11-25,0.007688244044171135,0.001052261040137832,0.006635983004033303
test,330,2024-11-26,0.005393732344137547,0.003826854233036923,0.0015668781111006238
test,331,2024-11-27,0.0024813725535038807,0.003718729481799108,-0.0012373569282952274
test,332,2024-11-28,-0.011185760922382692,0.0028363022063649947,-0.014022063128747687
test,333,2024-11-29,-0.000892396129750897,0.002545925787659437,-0.0034383219174103337
test,334,2024-11-30,-0.0015660900628791327,0.00033719679561052766,-0.0019032868584896603
test,335,2024-12-01,-0.00931552902713123,-0.0005503137223917608,-0.00876521530473947
test,336,2024-12-02,0.004428185559838176,0.0023163814882201147,0.0021118040716180614
test,337,2024-12-03,0.003094524546315355,0.000728642734518821,0.002365881811796534
test,338,2024-12-04,0.00012604987496970003,0.002781506991200305,-0.002655457116230605
test,339,2024-12-05,0.0017005321229128275,0.002048990589320356,-0.00034845846640752854
test,340,2024-12-06,-0.0008007149538028321,0.0018270592183596182,-0.0026277741721624504
test,341,2024-12-07,-0.014490157109412724,-0.0011108615388398552,-0.013379295570572868
test,342,2024-12-08,0.007243561709086007,0.004097153182089577,0.00314640852699643
test,343,2024-12-09,-0.018655848059445774,0.0003539526572847163,-0.01900980071673049
test,344,2024-12-10,0.006413348509294519,0.004715045414285045,0.0016983030950094742
test,345,2024-12-11,-0.009296878689143931,-0.00048077912267628165,-0.00881609956646765
test,346,2024-12-12,0.004263559979637901,0.0014334538403332237,0.002830106139304678
test,347,2024-12-13,0.0047167550168323805,0.0007033992787225662,0.004013355738109814
test,348,2024-12-14,0.006207204419680608,0.003033438827303822,0.003173765592376786
test,349,2024-12-15,0.01005758121345439,0.0033652874021104498,0.006692293811343941
test,350,2024-12-16,0.014649135609433149,0.004275664104290899,0.01037347150514225
test,351,2024-12-17,0.002684410036761692,0.005705556547939247,-0.0030211465111775544
test,352,2024-12-18,0.009962834110382908,0.004408326904350382,0.005554507206032526
test,353,2024-12-19,0.000588064462721689,0.0036743126094962554,-0.0030862481467745662
test,354,2024-12-20,0.005156102646452887,0.003269167489717446,0.0018869351567354408
test,355,2024-12-21,0.010464403442197725,0.0024986737754946952,0.00796572966670303
test,356,2024-12-22,-0.0019820948245203992,0.004171140261523247,-0.006153235086043646
test,357,2024-12-23,-0.01949147250865232,-0.0016474631328171618,-0.01784400937583516
test,358,2024-12-24,-0.0023748474498249965,0.006029236347559344,-0.00840408379738434
test,359,2024-12-25,0.00959085114415405,0.0017834717920070559,0.007807379352146995
test,360,2024-12-26,-0.004586159508027666,0.002770069349620387,-0.007356228857648053
test,361,2024-12-27,0.008289491115712564,-0.0006130955084307315,0.008902586624143295
test,362,2024-12-28,-0.004170740739574102,0.0021787975524739946,-0.006349538292048096
test,363,2024-12-29,-0.001935278643072884,-0.000619903012643225,-0.001315375630429659
test,364,2024-12-30,-0.0003200782312848044,-5.727812314134631e-05,-0.0002628001081434581
test,365,2024-12-31,-0.07435529099762336,-0.0008848306256271723,-0.07347046037199619
test,366,2025-01-01,0.011595730211522737,0.025618382221557174,-0.014022652010034437
test,367,2025-01-02,0.0024491655474373195,-0.008838782383089046,0.011287947930526366
test,368,2025-01-03,-0.0049066269376231535,0.003860741144399036,-0.008767368082022189
test,369,2025-01-04,0.009373892444111314,0.0002866080133180006,0.009087284430793314
test,370,2025-01-05,-0.008620610979258442,0.0023122594432961174,-0.01093287042255456
test,371,2025-01-06,0.012807157627897059,0.000864651108398444,0.011942506519498615
test,372,2025-01-07,0.00997819989599871,0.002286514073609712,0.007691685822388997
test,373,2025-01-08,-0.003681292525867861,0.005358071425946166,-0.009039363951814027
test,374,2025-01-09,7.178706530190736e-05,-0.000981722604221049,0.0010535096695229564
test,375,2025-01-10,-0.00035177890790703045,0.0009143698307084377,-0.0012661487386154682
test,376,2025-01-11,0.0003671201139022265,-0.0010937983851412219,0.0014609184990434483
test,377,2025-01-12,0.008012355808494616,0.001518154089507539,0.006494201718987076
test,378,2025-01-13,-0.014438233589454461,0.002953693174780438,-0.0173919267642349
test,379,2025-01-14,0.01243286049577356,0.0031106951348944594,0.009322165360879101
test,380,2025-01-15,-0.04844346096695027,0.001255928565229197,-0.04969938953217947
test,381,2025-01-16,0.027291840609849537,0.014879984025367303,0.012411856584482234
test,382,2025-01-17,0.0005052465869262049,-0.001833400015467182,0.0023386466023933867
test,383,2025-01-18,0.004446824159563786,0.006132787666002215,-0.001685963506438429
test,384,2025-01-19,-0.005458147626415274,0.0023628156282587383,-0.007820963254674011
test,385,2025-01-20,0.014696698285941395,0.000266004313596295,0.0144306939723451
test,386,2025-01-21,-0.0027388705079186837,0.0031370032774517866,-0.00587587378537047
test,387,2025-01-22,0.004203964461824299,-0.0018394787109456345,0.006043443172769934
test,388,2025-01-23,0.012274418757429328,0.0017822468528953892,0.010492171904533939
test,389,2025-01-24,0.010908981463149328,0.004324615339329886,0.006584366123819442
test,390,2025-01-25,0.008181018882494992,0.005429834706429191,0.002751184176065801
test,391,2025-01-26,0.005305011637157007,0.004733445980253375,0.0005715656569036318
test,392,2025-01-27,-0.006594320539883402,0.0037852924773224645,-0.010379613017205866
test,393,2025-01-28,0.014545405821489062,0.0005812188159754325,0.013964187005513629
test,394,2025-01-29,0.006518332439964032,0.0029222703664452507,0.0035960620735187815
test,395,2025-01-30,0.004680741317213578,0.005051121052376272,-0.0003703797351626943
test,396,2025-01-31,-0.0054258905229311516,0.003401695455309479,-0.00882758597824063
test,397,2025-02-01,0.0008766460319767772,0.00022869361682922385,0.0006479524151475533
test,398,2025-02-02,0.0007672982550752194,0.0007631982705800595,4.099984495159904e-06
test,399,2025-02-03,0.0161596781988102,0.0017910539478848072,0.014368624250925393
test,400,2025-02-04,0.0057082607622135325,0.0044227370540997684,0.001285523708113764
test,401,2025-02-05,0.004896873697816478,0.005179751681967531,-0.00028287798415105314
test,402,2025-02-06,-0.0053642740930124715,0.0033043723578249063,-0.008668646450837378
test,403,2025-02-07,-0.005604312439422591,0.00018275541073224286,-0.0057870678501548345
test,404,2025-02-08,0.005039061404715031,0.0013960161797878117,0.003643045224927219
test,405,2025-02-09,-0.012094311807486373,0.0014501391003143953,-0.013544450907800768
test,406,2025-02-10,0.010342209141056827,0.0025924916740532734,0.007749717467003554
