0.90000000000000002,0.10000000000000001,0,0,0,0,0,0,0,0,0,0,0,0,0,0,0,0,0,0,0,0,0,0,0,0,0,0,0,0,0,0
0.076140147787731108,0.80482481526533611,0.11903503694693277,0,0,0,0,0,0,0,0,0,0,0,0,0,0,0,0,0,0,0,0,0,0,0,0,0,0,0,0,0
0.018527922899082606,0.07786871315558172,0.78413618565644028,0.11946717828889541,0,0,0,0,0,0,0,0,0,0,0,0,0,0,0,0,0,0,0,0,0,0,0,0,0,0,0,0
0,0.019301275978371276,0.079318227601094971,0.78226835365915881,0.11911214276137493,0,0,0,0,0,0,0,0,0,0,0,0,0,0,0,0,0,0,0,0,0,0,0,0,0,0,0
0,0,0.01992439469898287,0.080000000000000002,0.78179699121214064,0.11827861408887647,0,0,0,0,0,0,0,0,0,0,0,0,0,0,0,0,0,0,0,0,0,0,0,0,0,0
0,0,0,0.02,0.080000000000000002,0.78180277126953157,0.11819722873046838,0,0,0,0,0,0,0,0,0,0,0,0,0,0,0,0,0,0,0,0,0,0,0,0,0
0,0,0,0,0.02,0.080000000000000002,0.78118349293065825,0.11881650706934174,0,0,0,0,0,0,0,0,0,0,0,0,0,0,0,0,0,0,0,0,0,0,0,0
0,0,0,0,0,0.02,0.080000000000000002,0.78025166835584048,0.11974833164415957,0,0,0,0,0,0,0,0,0,0,0,0,0,0,0,0,0,0,0,0,0,0,0
0,0,0,0,0,0,0.02,0.080000000000000002,0.78000000000000003,0.12,0,0,0,0,0,0,0,0,0,0,0,0,0,0,0,0,0,0,0,0,0,0
0,0,0,0,0,0,0,0.019878201996640081,0.079512807986560324,0.78073078802015949,0.11987820199664008,0,0,0,0,0,0,0,0,0,0,0,0,0,0,0,0,0,0,0,0,0
0,0,0,0,0,0,0,0,0.019638497564768684,0.079035307390831769,0.78156736819669159,0.11975882684770794,0,0,0,0,0,0,0,0,0,0,0,0,0,0,0,0,0,0,0,0
0,0,0,0,0,0,0,0,0,0.019491618798304026,0.07891812180363364,0.78186072894715397,0.11972953045090841,0,0,0,0,0,0,0,0,0,0,0,0,0,0,0,0,0,0,0
0,0,0,0,0,0,0,0,0,0,0.019547789755109551,0.07926307137921576,0.78183359394680774,0.11935554491886699,0,0,0,0,0,0,0,0,0,0,0,0,0,0,0,0,0,0
0,0,0,0,0,0,0,0,0,0,0,0.019839470732782197,0.080000000000000002,0.78293678992329696,0.11722373934392089,0,0,0,0,0,0,0,0,0,0,0,0,0,0,0,0,0
0,0,0,0,0,0,0,0,0,0,0,0,0.02,0.080000000000000002,0.78560533282964717,0.11439466717035289,0,0,0,0,0,0,0,0,0,0,0,0,0,0,0,0
0,0,0,0,0,0,0,0,0,0,0,0,0,0.02,0.080000000000000002,0.78876382101769449,0.11123617898230546,0,0,0,0,0,0,0,0,0,0,0,0,0,0,0
0,0,0,0,0,0,0,0,0,0,0,0,0,0,0.02,0.080000000000000002,0.79201862481924412,0.1079813751807559,0,0,0,0,0,0,0,0,0,0,0,0,0,0
0,0,0,0,0,0,0,0,0,0,0,0,0,0,0,0.02,0.080000000000000002,0.79508038790297675,0.10491961209702329,0,0,0,0,0,0,0,0,0,0,0,0,0
0,0,0,0,0,0,0,0,0,0,0,0,0,0,0,0,0.02,0.080000000000000002,0.79754026628629904,0.1024597337137009,0,0,0,0,0,0,0,0,0,0,0,0
0,0,0,0,0,0,0,0,0,0,0,0,0,0,0,0,0,0.02,0.080000000000000002,0.79878106136393434,0.10121893863606564,0,0,0,0,0,0,0,0,0,0,0
0,0,0,0,0,0,0,0,0,0,0,0,0,0,0,0,0,0,0.02,0.080000000000000002,0.79791052142735219,0.10208947857264777,0,0,0,0,0,0,0,0,0,0
0,0,0,0,0,0,0,0,0,0,0,0,0,0,0,0,0,0,0,0.02,0.080000000000000002,0.79388633499116779,0.10611366500883225,0,0,0,0,0,0,0,0,0
0,0,0,0,0,0,0,0,0,0,0,0,0,0,0,0,0,0,0,0,0.02,0.080000000000000002,0.78652099244196272,0.11347900755803729,0,0,0,0,0,0,0,0
0,0,0,0,0,0,0,0,0,0,0,0,0,0,0,0,0,0,0,0,0,0.02,0.080000000000000002,0.78000000000000003,0.12,0,0,0,0,0,0,0
0,0,0,0,0,0,0,0,0,0,0,0,0,0,0,0,0,0,0,0,0,0,0.019620431176003917,0.078481724704015668,0.78227741294397646,0.11962043117600392,0,0,0,0,0,0
0,0,0,0,0,0,0,0,0,0,0,0,0,0,0,0,0,0,0,0,0,0,0,0.017965700570881368,0.073253030617813089,0.79046801115685228,0.11831325765445329,0,0,0,0,0
0,0,0,0,0,0,0,0,0,0,0,0,0,0,0,0,0,0,0,0,0,0,0,0,0.016043424553355601,0.070084415808803036,0.79635105568564057,0.11752110395220078,0,0,0,0
0,0,0,0,0,0,0,0,0,0,0,0,0,0,0,0,0,0,0,0,0,0,0,0,0,0.015106377141516169,0.068974544904146701,0.79867544172830041,0.11724363622603667,0,0,0
0,0,0,0,0,0,0,0,0,0,0,0,0,0,0,0,0,0,0,0,0,0,0,0,0,0,0.014948400107848217,0.069351498312297671,0.79836222700177972,0.11733787457807442,0,0
0,0,0,0,0,0,0,0,0,0,0,0,0,0,0,0,0,0,0,0,0,0,0,0,0,0,0,0.015305282709518253,0.070621263941421777,0.79641813736370448,0.11765531598535545,0
0,0,0,0,0,0,0,0,0,0,0,0,0,0,0,0,0,0,0,0,0,0,0,0,0,0,0,0,0.015967032847193592,0.07235002923963646,0.81359543060326078,0.098087507309909117
0,0,0,0,0,0,0,0,0,0,0,0,0,0,0,0,0,0,0,0,0,0,0,0,0,0,0,0,0,0.016788182409942461,0.074253161023443717,0.9089586565666139
